#,Object Name,Report Type,Activity,Activity Detail,Activity By,Activity Datetime
"1	","MB02-Teltonika	","Trip Stop Detailed	","Search Report	","Monthly Report From 09/10/2019 To 10/10/2019	","Manish Bhardwaj	","10/10/2019 11:12:25 AM	",
"2	","MB02-Teltonika	","Trip Stop Detailed	","Search Report	","Weekly Report From 10/03/2019 To 10/10/2019	","Manish Bhardwaj	","10/10/2019 11:11:44 AM	",
"3	","MB02-Teltonika	","Trip Stop Detailed	","Search Report	","Daily Report From 10/09/2019 To 10/10/2019	","Manish Bhardwaj	","10/10/2019 11:11:03 AM	",
"4	","MB02-Teltonika	","Trip Stop Detailed	","Search Report	","Monthly Report From 09/10/2019 To 10/10/2019	","Manish Bhardwaj	","10/10/2019 11:05:37 AM	",
"5	","MB02-Teltonika	","Trip Stop Detailed	","Search Report	","Daily Report From 10/09/2019 To 10/10/2019	","Manish Bhardwaj	","10/10/2019 11:05:05 AM	",
"6	","MB02-Teltonika	","Trip Stop Detailed	","Search Report	","Weekly Report From 10/03/2019 To 10/10/2019	","Manish Bhardwaj	","10/10/2019 11:04:55 AM	",
"7	","MB02-Teltonika	","Trip Stop Detailed	","Search Report	","Daily Report From 10/09/2019 To 10/10/2019	","Manish Bhardwaj	","10/10/2019 11:03:20 AM	",
"8	","MB02-Teltonika	","Trip Stop Detailed	","Search Report	","Monthly Report From 09/10/2019 To 10/10/2019	","Manish Bhardwaj	","10/10/2019 10:52:38 AM	",
"9	","MB02-Teltonika	","Trip Stop Detailed	","Search Report	","Weekly Report From 10/03/2019 To 10/10/2019	","Manish Bhardwaj	","10/10/2019 10:51:57 AM	",
"10	","MB02-Teltonika	","Trip Stop Detailed	","Search Report	","Daily Report From 10/09/2019 To 10/10/2019	","Manish Bhardwaj	","10/10/2019 10:51:15 AM	",
"11	","MB02-Teltonika	","Trip Stop Detailed	","Search Report	","Monthly Report From 09/10/2019 To 10/10/2019	","Manish Bhardwaj	","10/10/2019 10:45:21 AM	",
"12	","MB02-Teltonika	","Speeding Report	","Export Report As HTML File	","Weekly Report From 10/03/2019 06:41:18 AM To 10/10/2019 06:41:18 AM Speed Is Greater Then 60 Miles/h	","Manish Bhardwaj	","10/10/2019 06:42:44 AM	",
"13	","MB02-Teltonika	","Speeding Report	","Export Report As PDF File	","Weekly Report From 10/03/2019 06:41:18 AM To 10/10/2019 06:41:18 AM Speed Is Greater Then 60 Miles/h	","Manish Bhardwaj	","10/10/2019 06:41:38 AM	",
"14	","MB02-Teltonika	","Speeding Report	","Search Report	","Weekly Report From 10/03/2019 06:41:18 AM To 10/10/2019 06:41:18 AM Speed Is Greater Then 60 Miles/h	","Manish Bhardwaj	","10/10/2019 06:41:21 AM	",
"15	","MB02-Teltonika	","Speeding Report	","Export Report As PDF File	","Weekly Report From 2019-10-03 06:23:38 AM To 2019-10-10 06:23:38 AM Speed Is Greater Then 70 Miles/h	","Manish Bhardwaj	","10/10/2019 06:39:16 AM	",
"16	","MB02-Teltonika	","Speeding Report	","Report Sent To Email On Demand	","Weekly Report From 2019-10-03 06:23:38 AM To 2019-10-10 06:23:38 AM Speed Is Greater Then 70 Miles/h Sent On Rbharaniya@vitspl.com	","Manish Bhardwaj	","10/10/2019 06:29:21 AM	",
"17	","MB02-Teltonika	","Speeding Report	","Search Report	","Weekly Report From 2019-10-03 06:23:38 AM To 2019-10-10 06:23:38 AM Speed Is Greater Then 70 Miles/h	","Manish Bhardwaj	","10/10/2019 06:23:41 AM	",
"18	","MB02-Teltonika	","Trip Stop Detailed	","Search Report	","Monthly Report From 2019-09-09 To 2019-10-09	","Manish Bhardwaj	","10/09/2019 08:31:38 AM	",
"19	","MB02-Teltonika	","Trip Stop Detailed	","Search Report	","Weekly Report From 2019-10-02 To 2019-10-09	","Manish Bhardwaj	","10/09/2019 08:31:00 AM	",
"20	","MB02-Teltonika	","Trip Stop Detailed	","Search Report	","Daily Report From 2019-10-08 To 2019-10-09	","Manish Bhardwaj	","10/09/2019 08:30:21 AM	",
"21	","MB02-Teltonika	","Trip Stop Detailed	","Search Report	","Monthly Report From 2019-09-09 To 2019-10-09	","Manish Bhardwaj	","10/09/2019 08:22:02 AM	",
"22	","MB02-Teltonika	","Trip Stop Detailed	","Search Report	","Weekly Report From 2019-10-02 To 2019-10-09	","Manish Bhardwaj	","10/09/2019 08:21:24 AM	",
"23	","MB02-Teltonika	","Trip Stop Detailed	","Search Report	","Daily Report From 2019-10-08 To 2019-10-09	","Manish Bhardwaj	","10/09/2019 08:20:46 AM	",
"24	","MB02-Teltonika	","Trip Stop Detailed	","Search Report	","Monthly Report From 2019-09-09 To 2019-10-09	","Manish Bhardwaj	","10/09/2019 08:14:34 AM	",
"25	","MB02-Teltonika	","Trip Stop Detailed	","Search Report	","Weekly Report From 2019-10-02 To 2019-10-09	","Manish Bhardwaj	","10/09/2019 08:13:56 AM	",
"26	","MB02-Teltonika	","Trip Stop Detailed	","Search Report	","Daily Report From 2019-10-08 To 2019-10-09	","Manish Bhardwaj	","10/09/2019 08:13:18 AM	",
"27	","MB02-Teltonika	","Trip Stop Detailed	","Search Report	","Monthly Report From 2019-09-09 To 2019-10-09	","Manish Bhardwaj	","10/09/2019 07:58:01 AM	",
"28	","MB02-Teltonika	","Trip Stop Detailed	","Search Report	","Weekly Report From 2019-10-02 To 2019-10-09	","Manish Bhardwaj	","10/09/2019 07:57:29 AM	",
"29	","MB02-Teltonika	","Trip Stop Detailed	","Search Report	","Daily Report From 2019-10-08 To 2019-10-09	","Manish Bhardwaj	","10/09/2019 07:57:07 AM	",
"30	","MB02-Teltonika	","Trip Stop Detailed	","Search Report	","Monthly Report From 2019-09-09 To 2019-10-09	","Manish Bhardwaj	","10/09/2019 07:44:41 AM	",
"31	","MB02-Teltonika	","Trip Stop Detailed	","Search Report	","Monthly Report From 2019-09-09 To 2019-10-09	","Manish Bhardwaj	","10/09/2019 07:43:39 AM	",
"32	","MB02-Teltonika	","Trip Stop Detailed	","Search Report	","Weekly Report From 2019-10-02 To 2019-10-09	","Manish Bhardwaj	","10/09/2019 07:08:02 AM	",
"33	","MB02-Teltonika	","Trip Stop Detailed	","Search Report	","Weekly Report From 2019-10-02 To 2019-10-09	","Manish Bhardwaj	","10/09/2019 07:06:46 AM	",
"34	","MB02-Teltonika	","Trip Stop Detailed	","Search Report	","Weekly Report From 2019-10-02 To 2019-10-09	","Manish Bhardwaj	","10/09/2019 07:05:13 AM	",
"35	","MB02-Teltonika	","Trip Stop Detailed	","Search Report	","Weekly Report From 2019-10-02 To 2019-10-09	","Manish Bhardwaj	","10/09/2019 06:56:06 AM	",
"36	","MB02-Teltonika	","Trip Stop Detailed	","Search Report	","Weekly Report From 2019-10-02 To 2019-10-09	","Manish Bhardwaj	","10/09/2019 06:55:48 AM	",
"37	","MB02-Teltonika	","Trip Stop Detailed	","Search Report	","Weekly Report From 2019-10-02 To 2019-10-09	","Manish Bhardwaj	","10/09/2019 06:54:12 AM	",
"38	","MB02-Teltonika	","Trip Stop Detailed	","Search Report	","Daily Report From 2019-10-08 To 2019-10-09	","Manish Bhardwaj	","10/09/2019 06:38:56 AM	",
"39	","MB02-Teltonika	","Trip Stop Detailed	","Search Report	","Daily Report From 2019-10-08 To 2019-10-09	","Manish Bhardwaj	","10/09/2019 06:27:49 AM	",
"40	","MB02-Teltonika	","Trip Stop Detailed	","Search Report	","Daily Report From 2019-10-08 To 2019-10-09	","Manish Bhardwaj	","10/09/2019 06:27:31 AM	",
"41	","MB02-Teltonika	","Trip Stop Detailed	","Search Report	","Daily Report From 2019-10-08 To 2019-10-09	","Manish Bhardwaj	","10/09/2019 06:27:18 AM	",
"42	","MB02-Teltonika	","Trip Stop Detailed	","Search Report	","Daily Report From 2019-10-08 To 2019-10-09	","Manish Bhardwaj	","10/09/2019 06:27:05 AM	",
"43	","MB02-Teltonika	","Trip Stop Detailed	","Search Report	","Daily Report From 2019-10-08 To 2019-10-09	","Manish Bhardwaj	","10/09/2019 06:05:49 AM	",
"44	","MB02-Teltonika	","Trip Stop Detailed	","Search Report	","Custom Report From 2019-04-10 To 2019-10-05	","Manish Bhardwaj	","10/05/2019 06:52:52 AM	",
"45	","MB02-Teltonika	","Trip Stop Detailed	","Search Report	","Weekly Report From 2019-09-27 To 2019-10-04	","Manish Bhardwaj	","10/04/2019 10:44:47 AM	",
"46	","MB02-Teltonika	","Trip Stop Detailed	","Search Report	","Daily Report From 2019-10-03 To 2019-10-04	","Manish Bhardwaj	","10/04/2019 10:44:41 AM	",
"47	","MB02-Teltonika	","Speeding Report	","Search Report	","Custom Report From 2019-05-22 12:00:00 AM To 2019-09-20 12:00:00 AM Speed Is Greater Then Equal To 0 Km/h	","Manish Bhardwaj	","09/20/2019 11:43:52 AM	",
"48	","MB02-Teltonika	","Events Report	","Search Report	","Daily Report From 2019-09-12 04:18:11 AM To 2019-09-13 04:18:11 AM All Alerts	","Manish Bhardwaj	","09/13/2019 04:18:12 AM	",
"49	","MB02-Teltonika	","Events Report	","Report Sent To Email On Demand	","Daily Report From 2019-09-12 04:16:21 AM To 2019-09-13 04:16:21 AM All Alerts Sent On Ssahu@vitspl.com	","Manish Bhardwaj	","09/13/2019 04:16:59 AM	",
"50	","MB02-Teltonika	","Events Report	","Search Report	","Daily Report From 2019-09-12 04:16:21 AM To 2019-09-13 04:16:21 AM All Alerts	","Manish Bhardwaj	","09/13/2019 04:16:22 AM	",
"51	","MB02-Teltonika	","Speeding Report	","Export Report As PDF File	","Custom Report From 2019-03-12 03:30:47 AM To 2019-08-05 03:44:11 AM Speed Is Equal To 0 Km/h	","Manish Bhardwaj	","09/13/2019 03:52:31 AM	",
"52	","MB02-Teltonika	","Speeding Report	","Search Report	","Custom Report From 2019-03-12 03:30:47 AM To 2019-08-05 03:44:11 AM Speed Is Equal To 0 Km/h	","Manish Bhardwaj	","09/13/2019 03:44:52 AM	",
"53	","MB02-Teltonika	","Speeding Report	","Search Report	","Daily Report From 2019-09-12 03:29:21 AM To 2019-09-13 03:29:21 AM Speed Is Equal To 0 Km/h	","Manish Bhardwaj	","09/13/2019 03:29:21 AM	",
"54	","MB02-Teltonika	","Trip Stop Detailed	","Search Report	","Custom Report From 2019-03-12 To 2019-08-06	","Manish Bhardwaj	","09/12/2019 10:44:59 AM	",
"55	","MB02-Teltonika	","Trip Stop Detailed	","Search Report	","Custom Report From 2019-03-12 To 2019-08-06	","Manish Bhardwaj	","09/12/2019 10:34:31 AM	",
"56	","MB02-Teltonika	","Trip Stop Detailed	","Search Report	","Daily Report From 2019-09-11 To 2019-09-12	","Manish Bhardwaj	","09/12/2019 10:31:57 AM	",
"57	","MB02-Teltonika	","Events Report	","Export Report As HTML File	","Custom Report From 2019-03-06 07:53:58 AM To 2019-08-06 07:54:07 AM All Alerts	","Manish Bhardwaj	","09/06/2019 07:59:46 AM	",
"58	","MB02-Teltonika	","Events Report	","Export Report As CSV File	","Custom Report From 2019-03-06 07:53:58 AM To 2019-08-06 07:54:07 AM All Alerts	","Manish Bhardwaj	","09/06/2019 07:59:14 AM	",
"59	","MB02-Teltonika	","Events Report	","Export Report As CSV File	","Custom Report From 2019-03-06 07:53:58 AM To 2019-08-06 07:54:07 AM All Alerts	","Manish Bhardwaj	","09/06/2019 07:54:42 AM	",
"60	","MB02-Teltonika	","Events Report	","Search Report	","Custom Report From 2019-03-06 07:53:58 AM To 2019-08-06 07:54:07 AM All Alerts	","Manish Bhardwaj	","09/06/2019 07:54:23 AM	",
"61	","MB02-Teltonika	","Events Report	","Export Report As PDF File	","Custom Report From 2019-03-05 11:34:31 AM To 2019-08-05 07:32:51 AM All Alerts	","Manish Bhardwaj	","09/06/2019 07:52:20 AM	",
"62	","MB02-Teltonika	","Events Report	","Report Sent To Email On Demand	","Custom Report From 2019-03-05 11:34:31 AM To 2019-08-05 07:32:51 AM All Alerts Sent On Ssahu@vitspl.com	","Manish Bhardwaj	","09/06/2019 07:44:42 AM	",
"63	","MB02-Teltonika	","Events Report	","Search Report	","Custom Report From 2019-03-05 11:34:31 AM To 2019-08-05 07:32:51 AM All Alerts	","Manish Bhardwaj	","09/06/2019 07:34:04 AM	",
"64	","MB02-Teltonika	","Events Report	","Search Report	","Custom Report From 2019-03-05 11:34:31 AM To 2019-08-05 07:32:51 AM All Alerts	","Manish Bhardwaj	","09/06/2019 07:33:42 AM	",
"65	","MB02-Teltonika	","Events Report	","Search Report	","Custom Report From 2019-03-05 11:34:31 AM To 2019-08-05 07:32:51 AM All Alerts	","Manish Bhardwaj	","09/06/2019 07:33:36 AM	",
"66	","MB02-Teltonika	","Events Report	","Search Report	","Custom Report From 2019-03-06 11:34:31 AM To 2019-08-14 07:32:51 AM All Alerts	","Manish Bhardwaj	","09/06/2019 07:33:03 AM	",
"67	","MB02-Teltonika	","Events Report	","Export Report As HTML File	","Monthly Report From 2019-08-07 06:54:48 AM To 2019-09-06 06:54:48 AM All Alerts	","Manish Bhardwaj	","09/06/2019 06:56:42 AM	",
"68	","MB02-Teltonika	","Events Report	","Export Report As CSV File	","Monthly Report From 2019-08-07 06:54:48 AM To 2019-09-06 06:54:48 AM All Alerts	","Manish Bhardwaj	","09/06/2019 06:54:53 AM	",
"69	","MB02-Teltonika	","Events Report	","Search Report	","Monthly Report From 2019-08-07 06:54:48 AM To 2019-09-06 06:54:48 AM All Alerts	","Manish Bhardwaj	","09/06/2019 06:54:50 AM	",
"70	","MB02-Teltonika	","Events Report	","Export Report As PDF File	","Monthly Report From 2019-08-07 06:44:16 AM To 2019-09-06 06:44:16 AM All Alerts	","Manish Bhardwaj	","09/06/2019 06:53:31 AM	",
"71	","MB02-Teltonika	","Events Report	","Report Sent To Email On Demand	","Monthly Report From 2019-08-07 06:44:16 AM To 2019-09-06 06:44:16 AM All Alerts Sent On Ssahu@vitspl.com	","Manish Bhardwaj	","09/06/2019 06:44:34 AM	",
"72	","MB02-Teltonika	","Events Report	","Search Report	","Monthly Report From 2019-08-07 06:44:16 AM To 2019-09-06 06:44:16 AM All Alerts	","Manish Bhardwaj	","09/06/2019 06:44:22 AM	",
"73	","MB02-Teltonika	","Events Report	","Export Report As HTML File	","Weekly Report From 2019-08-30 06:35:51 AM To 2019-09-06 06:35:51 AM All Alerts	","Manish Bhardwaj	","09/06/2019 06:43:36 AM	",
"74	","MB02-Teltonika	","Events Report	","Export Report As CSV File	","Weekly Report From 2019-08-30 06:35:51 AM To 2019-09-06 06:35:51 AM All Alerts	","Manish Bhardwaj	","09/06/2019 06:42:15 AM	",
"75	","MB02-Teltonika	","Events Report	","Export Report As PDF File	","Weekly Report From 2019-08-30 06:35:51 AM To 2019-09-06 06:35:51 AM All Alerts	","Manish Bhardwaj	","09/06/2019 06:36:01 AM	",
"76	","MB02-Teltonika	","Events Report	","Search Report	","Weekly Report From 2019-08-30 06:35:51 AM To 2019-09-06 06:35:51 AM All Alerts	","Manish Bhardwaj	","09/06/2019 06:35:58 AM	",
"77	","MB02-Teltonika	","Events Report	","Export Report As PDF File	","Weekly Report From 2019-08-30 06:21:48 AM To 2019-09-06 06:21:48 AM All Alerts	","Manish Bhardwaj	","09/06/2019 06:35:15 AM	",
"78	","MB02-Teltonika	","Events Report	","Report Sent To Email On Demand	","Weekly Report From 2019-08-30 06:21:48 AM To 2019-09-06 06:21:48 AM All Alerts Sent On Ssahu@vitspl.com	","Manish Bhardwaj	","09/06/2019 06:22:07 AM	",
"79	","MB02-Teltonika	","Events Report	","Search Report	","Weekly Report From 2019-08-30 06:21:48 AM To 2019-09-06 06:21:48 AM All Alerts	","Manish Bhardwaj	","09/06/2019 06:21:54 AM	",
"80	","MB02-Teltonika	","Events Report	","Export Report As HTML File	","Daily Report From 2019-09-05 06:16:52 AM To 2019-09-06 06:16:52 AM All Alerts	","Manish Bhardwaj	","09/06/2019 06:19:22 AM	",
"81	","MB02-Teltonika	","Events Report	","Search Report	","Daily Report From 2019-09-05 06:16:52 AM To 2019-09-06 06:16:52 AM All Alerts	","Manish Bhardwaj	","09/06/2019 06:19:20 AM	",
"82	","MB02-Teltonika	","Events Report	","Export Report As CSV File	","Daily Report From 2019-09-05 06:16:52 AM To 2019-09-06 06:16:52 AM All Alerts	","Manish Bhardwaj	","09/06/2019 06:17:20 AM	",
"83	","MB02-Teltonika	","Events Report	","Search Report	","Daily Report From 2019-09-05 06:16:52 AM To 2019-09-06 06:16:52 AM All Alerts	","Manish Bhardwaj	","09/06/2019 06:16:58 AM	",
"84	","MB02-Teltonika	","Events Report	","Export Report As PDF File	","Daily Report From 2019-09-05 05:05:11 AM To 2019-09-06 05:05:11 AM All Alerts	","Manish Bhardwaj	","09/06/2019 05:56:10 AM	",
"85	","MB02-Teltonika	","Events Report	","Report Sent To Email On Demand	","Daily Report From 2019-09-05 05:05:11 AM To 2019-09-06 05:05:11 AM All Alerts Sent On Ssahu@vitspl.com	","Manish Bhardwaj	","09/06/2019 05:43:10 AM	",
"86	","MB02-Teltonika	","Events Report	","Export Report As PDF File	","Daily Report From 2019-09-05 05:05:11 AM To 2019-09-06 05:05:11 AM All Alerts	","Manish Bhardwaj	","09/06/2019 05:08:56 AM	",
"87	","MB02-Teltonika	","Events Report	","Report Sent To Email On Demand	","Daily Report From 2019-09-05 05:05:11 AM To 2019-09-06 05:05:11 AM All Alerts Sent On Ssahu@vitspl.com	","Manish Bhardwaj	","09/06/2019 05:05:27 AM	",
"88	","MB02-Teltonika	","Events Report	","Search Report	","Daily Report From 2019-09-05 05:05:11 AM To 2019-09-06 05:05:11 AM All Alerts	","Manish Bhardwaj	","09/06/2019 05:05:14 AM	",
"89	","MB02-Teltonika	","Events Report	","Search Report	","Monthly Report From 2019-08-07 05:01:24 AM To 2019-09-06 05:01:24 AM All Alerts	","Manish Bhardwaj	","09/06/2019 05:01:27 AM	",
"90	","MB02-Teltonika	","Events Report	","Search Report	","Weekly Report From 2019-08-30 05:01:19 AM To 2019-09-06 05:01:19 AM All Alerts	","Manish Bhardwaj	","09/06/2019 05:01:21 AM	",
"91	","MB02-Teltonika	","Events Report	","Search Report	","Daily Report From 2019-09-05 05:01:09 AM To 2019-09-06 05:01:09 AM All Alerts	","Manish Bhardwaj	","09/06/2019 05:01:17 AM	",
"92	","MB02-Teltonika	","Events Report	","Search Report	","Daily Report From 2019-09-05 04:40:30 AM To 2019-09-06 04:40:30 AM All Alerts	","Manish Bhardwaj	","09/06/2019 04:40:33 AM	",
"93	","MB02-Teltonika	","Events Report	","Search Report	","Monthly Report From 2019-08-07 04:40:11 AM To 2019-09-06 04:40:11 AM All Alerts	","Manish Bhardwaj	","09/06/2019 04:40:14 AM	",
"94	","MB02-Teltonika	","Events Report	","Search Report	","Monthly Report From 2019-08-07 04:39:40 AM To 2019-09-06 04:39:40 AM All Alerts	","Manish Bhardwaj	","09/06/2019 04:39:42 AM	",
"95	","MB02-Teltonika	","Events Report	","Search Report	","Weekly Report From 2019-08-30 04:39:32 AM To 2019-09-06 04:39:32 AM All Alerts	","Manish Bhardwaj	","09/06/2019 04:39:34 AM	",
"96	","MB02-Teltonika	","Events Report	","Search Report	","Daily Report From 2019-09-05 04:39:22 AM To 2019-09-06 04:39:22 AM All Alerts	","Manish Bhardwaj	","09/06/2019 04:39:26 AM	",
"97	","MB02-Teltonika	","Events Report	","Search Report	","Custom Report From 2019-03-06 03:53:37 AM To 2019-08-06 03:53:46 AM All Alerts	","Manish Bhardwaj	","09/06/2019 03:54:00 AM	",
"98	","MB02-Teltonika	","Speeding Report	","Export Report As HTML File	","Custom Report From 2019-03-06 03:18:54 AM To 2019-08-06 03:19:06 AM Speed Is Greater Then 0 Km/h	","Manish Bhardwaj	","09/06/2019 03:20:08 AM	",
"99	","MB02-Teltonika	","Speeding Report	","Search Report	","Custom Report From 2019-03-06 03:18:54 AM To 2019-08-06 03:19:06 AM Speed Is Greater Then 0 Km/h	","Manish Bhardwaj	","09/06/2019 03:19:26 AM	",
"100	","MB02-Teltonika	","Speeding Report	","Search Report	","Custom Report From 2019-03-06 03:18:54 AM To 2019-08-06 03:19:06 AM Speed Is Less Then 0 Km/h	","Manish Bhardwaj	","09/06/2019 03:19:17 AM	",
"101	","MB02-Teltonika	","Speeding Report	","Export Report As CSV File	","Custom Report From 2019-03-05 06:03:25 AM To 2019-08-05 06:03:34 AM Speed Is Greater Then 0 Km/h	","Manish Bhardwaj	","09/05/2019 10:33:47 AM	",
"102	","MB02-Teltonika	","Speeding Report	","Export Report As CSV File	","Custom Report From 2019-03-05 06:03:25 AM To 2019-08-05 06:03:34 AM Speed Is Greater Then 0 Km/h	","Manish Bhardwaj	","09/05/2019 09:25:31 AM	",
"103	","MB02-Teltonika	","Speeding Report	","Export Report As PDF File	","Custom Report From 2019-03-05 06:03:25 AM To 2019-08-05 06:03:34 AM Speed Is Greater Then 0 Km/h	","Manish Bhardwaj	","09/05/2019 07:30:56 AM	",
"104	","MB02-Teltonika	","Speeding Report	","Report Sent To Email On Demand	","Custom Report From 2019-03-05 06:03:25 AM To 2019-08-05 06:03:34 AM Speed Is Greater Then 0 Km/h Sent On Ssahu@vitspl.com	","Manish Bhardwaj	","09/05/2019 06:17:59 AM	",
"105	","MB02-Teltonika	","Speeding Report	","Search Report	","Custom Report From 2019-03-05 06:03:25 AM To 2019-08-05 06:03:34 AM Speed Is Greater Then 0 Km/h	","Manish Bhardwaj	","09/05/2019 06:03:49 AM	",
"106	","MB02-Teltonika	","Speeding Report	","Search Report	","Custom Report From 2019-03-09 05:24:08 AM To 2019-08-14 05:24:38 AM Speed Is Equal To 0 Km/h	","Manish Bhardwaj	","09/05/2019 05:35:23 AM	",
"107	","MB02-Teltonika	","Speeding Report	","Search Report	","Custom Report From 2019-03-09 05:24:08 AM To 2019-08-14 05:24:38 AM Speed Is Equal To 0 Km/h	","Manish Bhardwaj	","09/05/2019 05:25:07 AM	",
"108	","MB01-GV20	","Speeding Report	","Search Report	","Custom Report From 2019-03-05 05:19:58 AM To 2019-08-28 05:20:14 AM Speed Is Less Then Equal To 0 Km/h	","Manish Bhardwaj	","09/05/2019 05:20:59 AM	",
"109	","MB01-GV20	","Speeding Report	","Search Report	","Custom Report From 2019-03-05 05:19:58 AM To 2019-08-28 05:20:14 AM Speed Is Less Then Equal To 20 Km/h	","Manish Bhardwaj	","09/05/2019 05:20:52 AM	",
"110	","MB01-GV20	","Speeding Report	","Search Report	","Custom Report From 2019-03-05 05:19:58 AM To 2019-08-28 05:20:14 AM Speed Is Less Then Equal To 30 Km/h	","Manish Bhardwaj	","09/05/2019 05:20:42 AM	",
"111	","MB01-GV20	","Speeding Report	","Search Report	","Custom Report From 2019-03-05 05:19:58 AM To 2019-08-05 05:20:14 AM Speed Is Less Then Equal To 30 Km/h	","Manish Bhardwaj	","09/05/2019 05:20:25 AM	",
"112	","MB02-Teltonika	","Speeding Report	","Search Report	","Monthly Report From 2019-08-06 05:10:47 AM To 2019-09-05 05:10:47 AM Speed Is Greater Then 20 Km/h	","Manish Bhardwaj	","09/05/2019 05:10:58 AM	",
"113	","MB02-Teltonika	","Speeding Report	","Search Report	","Weekly Report From 2019-08-29 05:07:49 AM To 2019-09-05 05:07:49 AM Speed Is Less Then 10 Km/h	","Manish Bhardwaj	","09/05/2019 05:07:49 AM	",
"114	","MB02-Teltonika	","Speeding Report	","Search Report	","Daily Report From 2019-09-04 04:48:57 AM To 2019-09-05 04:48:57 AM Speed Is Less Then 10 Km/h	","Manish Bhardwaj	","09/05/2019 05:07:41 AM	",
"115	","MB02-Teltonika	","Speeding Report	","Search Report	","Daily Report From 2019-09-04 04:48:57 AM To 2019-09-05 04:48:57 AM Speed Is Equal To 0 Km/h	","Manish Bhardwaj	","09/05/2019 05:03:25 AM	",
"116	","MB02-Teltonika	","Speeding Report	","Search Report	","Daily Report From 2019-09-04 04:48:57 AM To 2019-09-05 04:48:57 AM Speed Is Equal To 0 Km/h	","Manish Bhardwaj	","09/05/2019 04:49:06 AM	",
"117	","MB02-Teltonika	","Speeding Report	","Search Report	","Daily Report From 2019-09-04 04:48:57 AM To 2019-09-05 04:48:57 AM Speed Is Equal To 0 Km/h	","Manish Bhardwaj	","09/05/2019 04:48:57 AM	",
"118	","MB02-Teltonika	","Trip Stop Detailed	","Export Report As HTML File	","Custom Report From 2019-03-04 To 2019-09-04	","Manish Bhardwaj	","09/04/2019 09:35:03 AM	",
"119	","MB02-Teltonika	","Trip Stop Detailed	","Export Report As CSV File	","Custom Report From 2019-03-04 To 2019-09-04	","Manish Bhardwaj	","09/04/2019 09:27:09 AM	",
"120	","MB02-Teltonika	","Trip Stop Detailed	","Report Sent To Email On Demand	","Custom Report From 2019-03-04 To 2019-09-04 Sent On Ssahu@vitspl.com	","Manish Bhardwaj	","09/04/2019 08:51:13 AM	",
"121	","MB02-Teltonika	","Trip Stop Detailed	","Export Report As PDF File	","Custom Report From 2019-03-04 To 2019-09-04	","Manish Bhardwaj	","09/04/2019 08:50:35 AM	",
"122	","MB02-Teltonika	","Trip Stop Detailed	","Report Sent To Email On Demand	","Custom Report From 2019-03-04 To 2019-09-04 Sent On Ssahu@vitspl.com	","Manish Bhardwaj	","09/04/2019 08:10:55 AM	",
"123	","MB02-Teltonika	","Trip Stop Detailed	","Search Report	","Custom Report From 2019-03-04 To 2019-09-04	","Manish Bhardwaj	","09/04/2019 07:50:27 AM	",
"124	","MB02-Teltonika	","Trip Stop Detailed	","Search Report	","Custom Report From 2019-03-04 To 2019-09-04	","Manish Bhardwaj	","09/04/2019 06:15:24 AM	",
"125	","MB02-Teltonika	","Trip Stop Detailed	","Search Report	","Custom Report From 2019-09-04 To 2019-09-04	","Manish Bhardwaj	","09/04/2019 06:15:02 AM	",
"126	","MB02-Teltonika	","Trip Stop Detailed	","Search Report	","Custom Report From 2019-09-04 To 2019-09-04	","Manish Bhardwaj	","09/04/2019 06:14:53 AM	",
"127	","MB02-Teltonika	","Trip Stop Detailed	","Search Report	","Daily Report From 2019-09-03 To 2019-09-04	","Manish Bhardwaj	","09/04/2019 06:01:47 AM	",
"128	","MB02-Teltonika	","Trip Stop Detailed	","Search Report	","Daily Report From 2019-09-03 To 2019-09-04	","Manish Bhardwaj	","09/04/2019 06:00:27 AM	",
"129	","MB02-Teltonika	","Trip Stop Detailed	","Search Report	","Daily Report From 2019-09-03 To 2019-09-04	","Manish Bhardwaj	","09/04/2019 06:00:05 AM	",
"130	","MB02-Teltonika	","Trip Stop Detailed	","Search Report	","Weekly Report From 2019-08-28 To 2019-09-04	","Manish Bhardwaj	","09/04/2019 04:51:11 AM	",
"131	","MB02-Teltonika	","Trip Stop Detailed	","Search Report	","Weekly Report From 2019-08-28 To 2019-09-04	","Manish Bhardwaj	","09/04/2019 04:51:04 AM	",
"132	","MB02-Teltonika	","Trip Stop Detailed	","Search Report	","Monthly Report From 2019-08-05 To 2019-09-04	","Manish Bhardwaj	","09/04/2019 04:49:56 AM	",
"133	","MB02-Teltonika	","Trip Stop Detailed	","Search Report	","Custom Report From 2019-03-04 To 2019-09-04	","Manish Bhardwaj	","09/04/2019 04:26:36 AM	",
"134	","MB02-Teltonika	","Speeding Report	","Search Report	","Custom Report From 2019-03-05 08:43:08 AM To 2019-08-21 08:43:28 AM Speed Is Equal To 0 Miles/h	","Manish Bhardwaj	","09/03/2019 08:43:45 AM	",
"135	","MB02-Teltonika	","Speeding Report	","Search Report	","Custom Report From 03/05/2019 08:41:40 AM To 08/31/2019 08:42:06 AM Speed Is Equal To 0 Km/h	","Manish Bhardwaj	","09/03/2019 08:42:19 AM	",
"136	","MB02-Teltonika	","Speeding Report	","Search Report	","Custom Report From 03/01/2019 05:30:38 AM To 08/31/2019 05:31:12 AM Speed Is Greater Then Equal To 0 Miles/h	","Manish Bhardwaj	","09/03/2019 05:31:36 AM	",
"137	","MB02-Teltonika	","Speeding Report	","Export Report As HTML File	","Custom Report From 03/01/2019 05:14:25 AM To 08/31/2019 05:14:33 AM Speed Is Greater Then Equal To 0 Miles/h	","Manish Bhardwaj	","09/03/2019 05:16:56 AM	",
"138	","MB02-Teltonika	","Speeding Report	","Export Report As CSV File	","Custom Report From 03/01/2019 05:14:25 AM To 08/31/2019 05:14:33 AM Speed Is Greater Then Equal To 0 Miles/h	","Manish Bhardwaj	","09/03/2019 05:16:52 AM	",
"139	","MB02-Teltonika	","Speeding Report	","Export Report As CSV File	","Custom Report From 03/01/2019 05:14:25 AM To 08/31/2019 05:14:33 AM Speed Is Greater Then Equal To 0 Miles/h	","Manish Bhardwaj	","09/03/2019 05:16:52 AM	",
"140	","MB02-Teltonika	","Speeding Report	","Export Report As PDF File	","Custom Report From 03/01/2019 05:14:25 AM To 08/31/2019 05:14:33 AM Speed Is Greater Then Equal To 0 Miles/h	","Manish Bhardwaj	","09/03/2019 05:16:44 AM	",
"141	","MB02-Teltonika	","Speeding Report	","Search Report	","Custom Report From 03/01/2019 05:14:25 AM To 08/31/2019 05:14:33 AM Speed Is Greater Then Equal To 0 Miles/h	","Manish Bhardwaj	","09/03/2019 05:14:43 AM	",
"142	","MB02-Teltonika	","Speeding Report	","Report Sent To Email On Demand	","Custom Report From 03/01/2019 04:58:12 AM To 08/31/2019 04:58:20 AM Speed Is Greater Then Equal To 0 Miles/h Sent On Amishra@vitspl.com	","Manish Bhardwaj	","09/03/2019 05:00:14 AM	",
"143	","MB02-Teltonika	","Speeding Report	","Search Report	","Custom Report From 03/01/2019 04:58:12 AM To 08/31/2019 04:58:20 AM Speed Is Greater Then Equal To 0 Miles/h	","Manish Bhardwaj	","09/03/2019 04:58:35 AM	",
"144	","MB02-Teltonika	","Speeding Report	","Search Report	","Custom Report From 03/01/2020 04:54:38 AM To 08/30/2019 04:54:50 AM Speed Is Greater Then Equal To 0 Miles/h	","Manish Bhardwaj	","09/03/2019 04:57:54 AM	",
"145	","MB02-Teltonika	","Speeding Report	","Search Report	","Custom Report From 03/01/2020 04:54:38 AM To 08/31/2019 04:54:50 AM Speed Is Greater Then Equal To 0 Miles/h	","Manish Bhardwaj	","09/03/2019 04:57:19 AM	",
"146	","MB02-Teltonika	","Speeding Report	","Search Report	","Custom Report From 03/01/2020 04:54:38 AM To 09/03/2019 04:54:50 AM Speed Is Greater Then Equal To 0 Miles/h	","Manish Bhardwaj	","09/03/2019 04:57:00 AM	",
"147	","MB02-Teltonika	","Speeding Report	","Search Report	","Custom Report From 03/01/2020 04:54:38 AM To 09/30/2019 04:54:50 AM Speed Is Greater Then Equal To 0 Miles/h	","Manish Bhardwaj	","09/03/2019 04:56:52 AM	",
"148	","MB02-Teltonika	","Speeding Report	","Search Report	","Custom Report From 08/01/2019 04:54:38 AM To 09/30/2019 04:54:50 AM Speed Is Greater Then Equal To 0 Miles/h	","Manish Bhardwaj	","09/03/2019 04:56:19 AM	",
"149	","MB02-Teltonika	","Speeding Report	","Search Report	","Custom Report From 08/01/2019 04:54:38 AM To 09/30/2019 04:54:50 AM Speed Is Greater Then Equal To 0 Miles/h	","Manish Bhardwaj	","09/03/2019 04:55:09 AM	",
"150	","MB02-Teltonika	","Speeding Report	","Search Report	","Custom Report From 08/01/2019 04:54:38 AM To 09/03/2019 04:54:50 AM Speed Is Greater Then Equal To 0 Miles/h	","Manish Bhardwaj	","09/03/2019 04:54:58 AM	",
"151	","MB02-Teltonika	","Speeding Report	","Search Report	","Monthly Report From 08/04/2019 04:54:27 AM To 09/03/2019 04:54:27 AM Speed Is Greater Then Equal To 0 Miles/h	","Manish Bhardwaj	","09/03/2019 04:54:30 AM	",
"152	","MB02-Teltonika	","Speeding Report	","Search Report	","Custom Report From 08/08/2019 10:11:16 AM To 09/10/2019 10:10:56 AM Speed Is Equal To 0 Miles/h	","Manish Bhardwaj	","09/02/2019 10:11:37 AM	",
"153	","MB02-Teltonika	","Speeding Report	","Report Sent To Email On Demand	","Custom Report From 03/01/2019 09:58:30 AM To 08/31/2019 09:59:04 AM Speed Is Greater Then Equal To 0 Km/h Sent On Amishra@vitspl.com	","Manish Bhardwaj	","09/02/2019 09:59:49 AM	",
"154	","MB02-Teltonika	","Speeding Report	","Search Report	","Custom Report From 03/01/2019 09:58:30 AM To 08/31/2019 09:59:04 AM Speed Is Greater Then Equal To 0 Km/h	","Manish Bhardwaj	","09/02/2019 09:59:17 AM	",
"155	","MB02-Teltonika	","Speeding Report	","Search Report	","Monthly Report From 08/03/2019 09:57:46 AM To 09/02/2019 09:57:46 AM Speed Is Greater Then Equal To 0 Km/h	","Manish Bhardwaj	","09/02/2019 09:58:13 AM	",
"156	","MB02-Teltonika	","Speeding Report	","Search Report	","Monthly Report From 08/03/2019 09:57:46 AM To 09/02/2019 09:57:46 AM Speed Is Equal To 0 Km/h	","Manish Bhardwaj	","09/02/2019 09:58:06 AM	",
"157	","MB02-Teltonika	","Speeding Report	","Search Report	","Monthly Report From 08/03/2019 09:57:46 AM To 09/02/2019 09:57:46 AM Speed Is Less Then Equal To 0 Km/h	","Manish Bhardwaj	","09/02/2019 09:58:00 AM	",
"158	","MB02-Teltonika	","Speeding Report	","Search Report	","Monthly Report From 08/03/2019 09:57:46 AM To 09/02/2019 09:57:46 AM Speed Is Greater Then 0 Km/h	","Manish Bhardwaj	","09/02/2019 09:57:48 AM	",
"159	","MB02-Teltonika	","Speeding Report	","Search Report	","Custom Report From 09/02/2019 09:57:26 AM To 09/02/2019 09:57:31 AM Speed Is Greater Then 0 Km/h	","Manish Bhardwaj	","09/02/2019 09:57:41 AM	",
"160	","MB02-Teltonika	","Speeding Report	","Search Report	","Monthly Report From 08/03/2019 09:57:05 AM To 09/02/2019 09:57:05 AM Speed Is Equal To 0 Km/h	","Manish Bhardwaj	","09/02/2019 09:57:07 AM	",
"161	","MB02-Teltonika	","Trip Stop Detailed	","Search Report	","Monthly Report From 08/03/2019 To 09/02/2019	","Manish Bhardwaj	","09/02/2019 09:55:56 AM	",
"162	","MB02-Teltonika	","Speeding Report	","Report Sent To Email On Demand	","Custom Report From 03/01/2019 03:39:25 AM To 08/30/2019 03:39:47 AM Speed Is Greater Then Equal To 0 Km/h Sent On Amishra@vitspl.com	","Manish Bhardwaj	","08/30/2019 03:40:27 AM	",
"163	","MB02-Teltonika	","Speeding Report	","Search Report	","Custom Report From 03/01/2019 03:39:25 AM To 08/30/2019 03:39:47 AM Speed Is Greater Then Equal To 0 Km/h	","Manish Bhardwaj	","08/30/2019 03:40:00 AM	",
"164	","MB02-Teltonika	","Trip Stop Detailed	","Export Report As CSV File	","Monthly Report From 07/25/2019 To 08/24/2019	","Manish Bhardwaj	","08/24/2019 04:52:10 AM	",
"165	","MB02-Teltonika	","Trip Stop Detailed	","Search Report	","Monthly Report From 07/25/2019 To 08/24/2019	","Manish Bhardwaj	","08/24/2019 04:52:06 AM	",
"166	","MB02-Teltonika	","Trip Stop Detailed	","Search Report	","Monthly Report From 07/25/2019 To 08/24/2019	","Manish Bhardwaj	","08/24/2019 04:46:49 AM	",
"167	","MB02-Teltonika	","Trip Stop Detailed	","Report Sent To Email On Demand	","Monthly Report From 07/25/2019 To 08/24/2019 Sent On Amishra@vitspl.com	","Manish Bhardwaj	","08/24/2019 04:45:33 AM	",
"168	","MB02-Teltonika	","Trip Stop Detailed	","Search Report	","Monthly Report From 07/25/2019 To 08/24/2019	","Manish Bhardwaj	","08/24/2019 04:45:10 AM	",
"169	","MB02-Teltonika	","Events Report	","Report Sent To Email On Demand	","Monthly Report From 07/25/2019 04:06:05 AM To 08/24/2019 04:06:05 AM All Alerts Sent On Amishra@vitspl.com	","Manish Bhardwaj	","08/24/2019 04:09:23 AM	",
"170	","MB02-Teltonika	","Events Report	","Export Report As HTML File	","Monthly Report From 07/25/2019 04:06:05 AM To 08/24/2019 04:06:05 AM All Alerts	","Manish Bhardwaj	","08/24/2019 04:07:40 AM	",
"171	","MB02-Teltonika	","Events Report	","Export Report As PDF File	","Monthly Report From 07/25/2019 04:06:05 AM To 08/24/2019 04:06:05 AM All Alerts	","Manish Bhardwaj	","08/24/2019 04:07:01 AM	",
"172	","MB02-Teltonika	","Events Report	","Search Report	","Monthly Report From 07/25/2019 04:06:05 AM To 08/24/2019 04:06:05 AM All Alerts	","Manish Bhardwaj	","08/24/2019 04:06:31 AM	",
"173	","MB02-Teltonika	","Events Report	","Search Report	","Monthly Report From 07/25/2019 04:06:05 AM To 08/24/2019 04:06:05 AM All Alerts	","Manish Bhardwaj	","08/24/2019 04:06:29 AM	",
"174	","MB02-Teltonika	","Events Report	","Search Report	","Monthly Report From 07/25/2019 04:06:05 AM To 08/24/2019 04:06:05 AM All Alerts	","Manish Bhardwaj	","08/24/2019 04:06:22 AM	",
"175	","MB02-Teltonika	","Events Report	","Search Report	","Monthly Report From 07/25/2019 04:06:05 AM To 08/24/2019 04:06:05 AM All Alerts	","Manish Bhardwaj	","08/24/2019 04:06:05 AM	",
"176	","MB02-Teltonika	","Events Report	","Search Report	","Custom Report From 08/09/2019 03:45:13 AM To 08/15/2019 03:45:19 AM All Alerts	","Manish Bhardwaj	","08/24/2019 03:45:40 AM	",
"177	","MB01-GV20	","Events Report	","Search Report	","Custom Report From 08/09/2019 03:45:13 AM To 08/15/2019 03:45:19 AM All Alerts	","Manish Bhardwaj	","08/24/2019 03:45:23 AM	",
"178	","MB02-Teltonika	","Events Report	","Search Report	","Monthly Report From 07/25/2019 03:45:03 AM To 08/24/2019 03:45:03 AM All Alerts	","Manish Bhardwaj	","08/24/2019 03:45:04 AM	",
"179	","MB01-GV20	","Events Report	","Search Report	","Daily Report From 08/23/2019 03:43:54 AM To 08/24/2019 03:43:54 AM All Alerts	","Manish Bhardwaj	","08/24/2019 03:44:06 AM	",
"180	","MB02-Teltonika	","Events Report	","Search Report	","Daily Report From 08/23/2019 03:43:54 AM To 08/24/2019 03:43:54 AM All Alerts	","Manish Bhardwaj	","08/24/2019 03:43:58 AM	",
"181	","MB02-Teltonika	","Events Report	","Search Report	","Daily Report From 08/23/2019 03:41:43 AM To 08/24/2019 03:41:43 AM All Alerts	","Manish Bhardwaj	","08/24/2019 03:41:46 AM	",
"182	","MB02-Teltonika	","Events Report	","Search Report	","Daily Report From 08/23/2019 03:26:59 AM To 08/24/2019 03:26:59 AM All Alerts	","Manish Bhardwaj	","08/24/2019 03:27:00 AM	",
"183	","MB02-Teltonika	","Events Report	","Search Report	","Daily Report From 08/23/2019 03:25:41 AM To 08/24/2019 03:25:41 AM All Alerts	","Manish Bhardwaj	","08/24/2019 03:26:41 AM	",
"184	","MB01-GV20	","Events Report	","Search Report	","Daily Report From 08/23/2019 03:25:41 AM To 08/24/2019 03:25:41 AM All Alerts	","Manish Bhardwaj	","08/24/2019 03:26:23 AM	",
"185	","MB02-Teltonika	","Events Report	","Search Report	","Daily Report From 08/23/2019 03:25:41 AM To 08/24/2019 03:25:41 AM All Alerts	","Manish Bhardwaj	","08/24/2019 03:26:15 AM	",
"186	","MB02-Teltonika	","Events Report	","Search Report	","Daily Report From 08/23/2019 03:25:41 AM To 08/24/2019 03:25:41 AM All Alerts	","Manish Bhardwaj	","08/24/2019 03:25:57 AM	",
"187	","MB02-Teltonika	","Events Report	","Search Report	","Daily Report From 08/23/2019 03:25:41 AM To 08/24/2019 03:25:41 AM All Alerts	","Manish Bhardwaj	","08/24/2019 03:25:51 AM	",
"188	","MB01-GV20	","Events Report	","Search Report	","Daily Report From 08/23/2019 03:25:41 AM To 08/24/2019 03:25:41 AM All Alerts	","Manish Bhardwaj	","08/24/2019 03:25:42 AM	",
"189	","MB01-GV20	","Events Report	","Search Report	","Monthly Report From 07/25/2019 03:25:13 AM To 08/24/2019 03:25:13 AM All Alerts	","Manish Bhardwaj	","08/24/2019 03:25:26 AM	",
"190	","MB01-GV20	","Events Report	","Search Report	","Monthly Report From 07/25/2019 03:25:13 AM To 08/24/2019 03:25:13 AM All Alerts	","Manish Bhardwaj	","08/24/2019 03:25:18 AM	",
"191	","MB02-Teltonika	","Events Report	","Search Report	","Monthly Report From 07/25/2019 03:25:13 AM To 08/24/2019 03:25:13 AM All Alerts	","Manish Bhardwaj	","08/24/2019 03:25:14 AM	",
"192	","MB02-Teltonika	","Events Report	","Search Report	","Monthly Report From 07/25/2019 03:23:57 AM To 08/24/2019 03:23:57 AM All Alerts	","Manish Bhardwaj	","08/24/2019 03:24:39 AM	",
"193	","MB02-Teltonika	","Events Report	","Search Report	","Monthly Report From 07/25/2019 03:23:57 AM To 08/24/2019 03:23:57 AM All Alerts	","Manish Bhardwaj	","08/24/2019 03:24:29 AM	",
"194	","MB02-Teltonika	","Events Report	","Search Report	","Monthly Report From 07/25/2019 03:23:57 AM To 08/24/2019 03:23:57 AM All Alerts	","Manish Bhardwaj	","08/24/2019 03:24:21 AM	",
"195	","MB02-Teltonika	","Events Report	","Search Report	","Monthly Report From 07/25/2019 03:23:57 AM To 08/24/2019 03:23:57 AM All Alerts	","Manish Bhardwaj	","08/24/2019 03:24:04 AM	",
"196	","MB02-Teltonika	","Events Report	","Search Report	","Monthly Report From 07/25/2019 03:23:57 AM To 08/24/2019 03:23:57 AM All Alerts	","Manish Bhardwaj	","08/24/2019 03:23:57 AM	",
"197	","MB02-Teltonika	","Speeding Report	","Export Report As HTML File	","Monthly Report From 07/25/2019 03:10:23 AM To 08/24/2019 03:10:23 AM Speed Is Less Then 10 Km/h	","Manish Bhardwaj	","08/24/2019 03:10:43 AM	",
"198	","MB02-Teltonika	","Speeding Report	","Search Report	","Monthly Report From 07/25/2019 03:10:23 AM To 08/24/2019 03:10:23 AM Speed Is Less Then 10 Km/h	","Manish Bhardwaj	","08/24/2019 03:10:24 AM	",
"199	","MB02-Teltonika	","Speeding Report	","Export Report As PDF File	","Monthly Report From 23 July, 2019 11:01:49 AM To 22 August, 2019 11:01:49 AM Speed Is Greater Then 60 Km/h	","Manish Bhardwaj	","08/22/2019 11:04:02 AM	",
"200	","MB02-Teltonika	","Speeding Report	","Search Report	","Monthly Report From 23 July, 2019 11:01:49 AM To 22 August, 2019 11:01:49 AM Speed Is Greater Then 60 Km/h	","Manish Bhardwaj	","08/22/2019 11:03:56 AM	",
"201	","MB02-Teltonika	","Speeding Report	","Search Report	","Monthly Report From 23 July, 2019 11:01:49 AM To 22 August, 2019 11:01:49 AM Speed Is Greater Then 30 Km/h	","Manish Bhardwaj	","08/22/2019 11:03:48 AM	",
"202	","MB02-Teltonika	","Speeding Report	","Search Report	","Monthly Report From 23 July, 2019 11:01:49 AM To 22 August, 2019 11:01:49 AM Speed Is Greater Then 20 Km/h	","Manish Bhardwaj	","08/22/2019 11:03:41 AM	",
"203	","MB02-Teltonika	","Speeding Report	","Search Report	","Monthly Report From 23 July, 2019 11:01:49 AM To 22 August, 2019 11:01:49 AM Speed Is Greater Then 10 Km/h	","Manish Bhardwaj	","08/22/2019 11:03:26 AM	",
"204	","MB02-Teltonika	","Speeding Report	","Report Sent To Email On Demand	","Monthly Report From 23 July, 2019 11:01:49 AM To 22 August, 2019 11:01:49 AM Speed Is Less Then 10 Km/h Sent On Amishra@vitspl.com	","Manish Bhardwaj	","08/22/2019 11:02:07 AM	",
"205	","MB02-Teltonika	","Speeding Report	","Search Report	","Monthly Report From 23 July, 2019 11:01:49 AM To 22 August, 2019 11:01:49 AM Speed Is Less Then 10 Km/h	","Manish Bhardwaj	","08/22/2019 11:01:50 AM	",
"206	","MB02-Teltonika	","Speeding Report	","Report Sent To Email On Demand	","Monthly Report From 23 July, 2019 05:38:52 AM To 22 August, 2019 05:38:52 AM Speed Is Equal To 0 Km/h Sent On Juhi.yadav@vitspl.com	","Manish Bhardwaj	","08/22/2019 05:39:27 AM	",
"207	","MB02-Teltonika	","Speeding Report	","Export Report As HTML File	","Monthly Report From 23 July, 2019 05:38:52 AM To 22 August, 2019 05:38:52 AM Speed Is Equal To 0 Km/h	","Manish Bhardwaj	","08/22/2019 05:39:10 AM	",
"208	","MB02-Teltonika	","Speeding Report	","Export Report As CSV File	","Monthly Report From 23 July, 2019 05:38:52 AM To 22 August, 2019 05:38:52 AM Speed Is Equal To 0 Km/h	","Manish Bhardwaj	","08/22/2019 05:39:07 AM	",
"209	","MB02-Teltonika	","Speeding Report	","Export Report As PDF File	","Monthly Report From 23 July, 2019 05:38:52 AM To 22 August, 2019 05:38:52 AM Speed Is Equal To 0 Km/h	","Manish Bhardwaj	","08/22/2019 05:39:00 AM	",
"210	","MB02-Teltonika	","Speeding Report	","Search Report	","Monthly Report From 23 July, 2019 05:38:52 AM To 22 August, 2019 05:38:52 AM Speed Is Equal To 0 Km/h	","Manish Bhardwaj	","08/22/2019 05:38:53 AM	",
"211	","MB02-Teltonika	","Trip Stop Detailed	","Search Report	","Monthly Report From 21 July, 2019 To 20 August, 2019	","Manish Bhardwaj	","08/20/2019 07:55:21 AM	",
"212	","MB02-Teltonika	","Events Report	","Export Report As PDF File	","Monthly Report From 21 July, 2019 07:54:44 AM To 20 August, 2019 07:54:44 AM All Alerts	","Manish Bhardwaj	","08/20/2019 07:54:53 AM	",
"213	","MB02-Teltonika	","Events Report	","Search Report	","Monthly Report From 21 July, 2019 07:54:44 AM To 20 August, 2019 07:54:44 AM All Alerts	","Manish Bhardwaj	","08/20/2019 07:54:46 AM	",
"214	","MB02-Teltonika	","Speeding Report	","Export Report As CSV File	","Monthly Report From 21 July, 2019 07:52:49 AM To 20 August, 2019 07:52:49 AM Speed Is Greater Then 0 Km/h	","Manish Bhardwaj	","08/20/2019 07:54:17 AM	",
"215	","MB02-Teltonika	","Speeding Report	","Export Report As PDF File	","Monthly Report From 21 July, 2019 07:52:49 AM To 20 August, 2019 07:52:49 AM Speed Is Greater Then 0 Km/h	","Manish Bhardwaj	","08/20/2019 07:53:56 AM	",
"216	","MB02-Teltonika	","Speeding Report	","Search Report	","Monthly Report From 21 July, 2019 07:52:49 AM To 20 August, 2019 07:52:49 AM Speed Is Greater Then 0 Km/h	","Manish Bhardwaj	","08/20/2019 07:52:51 AM	",
"217	","MB02-Teltonika	","Speeding Report	","Search Report	","Daily Report From 19 August, 2019 07:52:43 AM To 20 August, 2019 07:52:43 AM Speed Is Greater Then 0 Km/h	","Manish Bhardwaj	","08/20/2019 07:52:45 AM	",
"218	","MB02-Teltonika	","Speeding Report	","Search Report	","Custom Report From 1 May, 2019 07:51:54 AM To 20 June, 2019 07:51:59 AM Speed Is Equal To 0 Miles/h	","Manish Bhardwaj	","08/20/2019 07:52:11 AM	",
"219	","MB02-Teltonika	","Events Report	","Export Report As HTML File	","Daily Report From 08/08/2019 05:25:18 AM To 08/09/2019 05:25:18 AM All Alerts	","Manish Bhardwaj	","08/09/2019 05:29:54 AM	",
"220	","MB02-Teltonika	","Events Report	","Export Report As CSV File	","Daily Report From 08/08/2019 05:25:18 AM To 08/09/2019 05:25:18 AM All Alerts	","Manish Bhardwaj	","08/09/2019 05:28:26 AM	",
"221	","MB02-Teltonika	","Events Report	","Export Report As PDF File	","Daily Report From 08/08/2019 05:25:18 AM To 08/09/2019 05:25:18 AM All Alerts	","Manish Bhardwaj	","08/09/2019 05:27:19 AM	",
"222	","MB02-Teltonika	","Events Report	","Report Sent To Email On Demand	","Daily Report From 08/08/2019 05:25:18 AM To 08/09/2019 05:25:18 AM All Alerts  Sent On Ssahu@vitspl.com	","Manish Bhardwaj	","08/09/2019 05:27:11 AM	",
"223	","MB02-Teltonika	","Events Report	","Search Report	","Daily Report From 08/08/2019 05:25:18 AM To 08/09/2019 05:25:18 AM All Alerts	","Manish Bhardwaj	","08/09/2019 05:25:31 AM	",
"224	","MB01-GV20	","Events Report	","Search Report	","Daily Report From 08/08/2019 05:25:18 AM To 08/09/2019 05:25:18 AM All Alerts	","Manish Bhardwaj	","08/09/2019 05:25:19 AM	",
"225	","MB01-GV20	","Events Report	","Search Report	","Monthly Report From 07/10/2019 05:24:58 AM To 08/09/2019 05:24:58 AM All Alerts	","Manish Bhardwaj	","08/09/2019 05:25:00 AM	",
"226	","MB01-GV20	","Events Report	","Search Report	","Weekly Report From 08/02/2019 05:19:22 AM To 08/09/2019 05:19:22 AM All Alerts	","Manish Bhardwaj	","08/09/2019 05:21:47 AM	",
"227	","MB01-GV20	","Events Report	","Search Report	","Weekly Report From 08/02/2019 05:19:22 AM To 08/09/2019 05:19:22 AM All Alerts	","Manish Bhardwaj	","08/09/2019 05:19:24 AM	",
"228	","MB02-Teltonika	","Events Report	","Search Report	","Daily Report From 08/08/2019 05:19:07 AM To 08/09/2019 05:19:07 AM All Alerts	","Manish Bhardwaj	","08/09/2019 05:19:09 AM	",
"229	","MB02-Teltonika	","Speeding Report	","Search Report	","Weekly Report From 08/02/2019 05:18:50 AM To 08/09/2019 05:18:50 AM Speed Is Less Then 0 Miles/h	","Manish Bhardwaj	","08/09/2019 05:18:52 AM	",
"230	","MB02-Teltonika	","Speeding Report	","Search Report	","Daily Report From 08/08/2019 05:18:28 AM To 08/09/2019 05:18:28 AM Speed Is Less Then 0 Miles/h	","Manish Bhardwaj	","08/09/2019 05:18:45 AM	",
"231	","MB02-Teltonika	","Speeding Report	","Search Report	","Daily Report From 08/08/2019 05:18:28 AM To 08/09/2019 05:18:28 AM Speed Is Less Then 10 Miles/h	","Manish Bhardwaj	","08/09/2019 05:18:37 AM	",
"232	","MB01-GV20	","Speeding Report	","Search Report	","Daily Report From 08/08/2019 05:18:28 AM To 08/09/2019 05:18:28 AM Speed Is Less Then 10 Miles/h	","Manish Bhardwaj	","08/09/2019 05:18:29 AM	",
"233	","MB02-Teltonika	","Trip Stop Detailed	","Search Report	","Daily Report From 08/08/2019 To 08/09/2019	","Manish Bhardwaj	","08/09/2019 05:18:10 AM	",
"234	","MB02-Teltonika	","Events Report	","Search Report	","Daily Report From 08/08/2019 05:14:22 AM To 08/09/2019 05:14:22 AM All Alerts	","Manish Bhardwaj	","08/09/2019 05:14:23 AM	",
"235	","MB02-Teltonika	","Speeding Report	","Search Report	","Custom Report From 05/26/2019 06:31:59 AM To 06/24/2019 06:32:05 AM Speed Is Less Then 10 Miles/h	","Manish Bhardwaj	","08/08/2019 06:32:12 AM	",
"236	","MB02-Teltonika	","Speeding Report	","Search Report	","Monthly Report From 07/09/2019 06:31:54 AM To 08/08/2019 06:31:54 AM Speed Is Less Then 10 Miles/h	","Manish Bhardwaj	","08/08/2019 06:31:56 AM	",
"237	","MB02-Teltonika	","Trip Stop Detailed	","Export Report As CSV File	","Monthly Report From 07/09/2019 To 08/08/2019	","Manish Bhardwaj	","08/08/2019 06:31:00 AM	",
"238	","MB02-Teltonika	","Trip Stop Detailed	","Export Report As HTML File	","Monthly Report From 07/09/2019 To 08/08/2019	","Manish Bhardwaj	","08/08/2019 06:30:59 AM	",
"239	","MB02-Teltonika	","Trip Stop Detailed	","Export Report As PDF File	","Monthly Report From 07/09/2019 To 08/08/2019	","Manish Bhardwaj	","08/08/2019 06:30:59 AM	",
"240	","MB02-Teltonika	","Trip Stop Detailed	","Search Report	","Monthly Report From 07/09/2019 To 08/08/2019	","Manish Bhardwaj	","08/08/2019 06:30:35 AM	",
"241	","MB02-Teltonika	","Speeding Report	","Export Report As HTML File	","Custom Report From 04/01/2019 06:42:00 AM To 08/06/2019 06:42:08 AM Speed Is Equal To 0 Miles/h	","Manish Bhardwaj	","08/06/2019 06:43:32 AM	",
"242	","MB02-Teltonika	","Speeding Report	","Export Report As HTML File	","Custom Report From 04/01/2019 06:42:00 AM To 08/06/2019 06:42:08 AM Speed Is Equal To 0 Miles/h	","Manish Bhardwaj	","08/06/2019 06:43:00 AM	",
"243	","MB02-Teltonika	","Speeding Report	","Search Report	","Custom Report From 04/01/2019 06:42:00 AM To 08/06/2019 06:42:08 AM Speed Is Equal To 0 Miles/h	","Manish Bhardwaj	","08/06/2019 06:42:17 AM	",
"244	","MB01-GV20	","Speeding Report	","Search Report	","Monthly Report From 07/07/2019 06:41:48 AM To 08/06/2019 06:41:48 AM Speed Is Equal To 0 Miles/h	","Manish Bhardwaj	","08/06/2019 06:41:53 AM	",
"245	","MB01-GV20	","Speeding Report	","Search Report	","Monthly Report From 07/07/2019 06:41:48 AM To 08/06/2019 06:41:48 AM Speed Is Equal To 0 Miles/h	","Manish Bhardwaj	","08/06/2019 06:41:49 AM	",
"246	","MB02-Teltonika	","Trip Stop Detailed	","Export Report As HTML File	","Custom Report From 04/01/2019 To 08/06/2019	","Manish Bhardwaj	","08/06/2019 06:15:40 AM	",
"247	","MB02-Teltonika	","Trip Stop Detailed	","Export Report As CSV File	","Custom Report From 04/01/2019 To 08/06/2019	","Manish Bhardwaj	","08/06/2019 06:15:38 AM	",
"248	","MB02-Teltonika	","Trip Stop Detailed	","Export Report As PDF File	","Custom Report From 04/01/2019 To 08/06/2019	","Manish Bhardwaj	","08/06/2019 06:15:37 AM	",
"249	","MB02-Teltonika	","Trip Stop Detailed	","Search Report	","Custom Report From 04/01/2019 To 08/06/2019	","Manish Bhardwaj	","08/06/2019 06:15:25 AM	",
"250	","MB02-Teltonika	","Events Report	","Export Report As HTML File	","Custom Report From 03/01/2019 06:13:36 AM To 08/06/2019 06:13:41 AM All Alerts	","Manish Bhardwaj	","08/06/2019 06:15:08 AM	",
"251	","MB02-Teltonika	","Events Report	","Report Sent To Email On Demand	","Custom Report From 03/01/2019 06:13:36 AM To 08/06/2019 06:13:41 AM All Alerts  Sent On Juhi.yadav@vitspl.com	","Manish Bhardwaj	","08/06/2019 06:14:43 AM	",
"252	","MB02-Teltonika	","Events Report	","Export Report As HTML File	","Custom Report From 03/01/2019 06:13:36 AM To 08/06/2019 06:13:41 AM All Alerts	","Manish Bhardwaj	","08/06/2019 06:14:26 AM	",
"253	","MB02-Teltonika	","Events Report	","Export Report As CSV File	","Custom Report From 03/01/2019 06:13:36 AM To 08/06/2019 06:13:41 AM All Alerts	","Manish Bhardwaj	","08/06/2019 06:14:22 AM	",
"254	","MB02-Teltonika	","Events Report	","Export Report As PDF File	","Custom Report From 03/01/2019 06:13:36 AM To 08/06/2019 06:13:41 AM All Alerts	","Manish Bhardwaj	","08/06/2019 06:14:08 AM	",
"255	","MB02-Teltonika	","Events Report	","Search Report	","Custom Report From 03/01/2019 06:13:36 AM To 08/06/2019 06:13:41 AM All Alerts	","Manish Bhardwaj	","08/06/2019 06:13:45 AM	",
"256	","MB02-Teltonika	","Events Report	","Search Report	","Monthly Report From 07/07/2019 06:13:31 AM To 08/06/2019 06:13:31 AM All Alerts	","Manish Bhardwaj	","08/06/2019 06:13:32 AM	",
"257	","MB02-Teltonika	","Speeding Report	","Export Report As PDF File	","Custom Report From 07/06/2019 06:08:37 AM To 08/06/2019 06:08:49 AM Speed Is Equal To 0 Miles/h	","Manish Bhardwaj	","08/06/2019 06:09:28 AM	",
"258	","MB02-Teltonika	","Speeding Report	","Search Report	","Custom Report From 07/06/2019 06:08:37 AM To 08/06/2019 06:08:49 AM Speed Is Equal To 0 Miles/h	","Manish Bhardwaj	","08/06/2019 06:08:54 AM	",
"259	","MB02-Teltonika	","Speeding Report	","Report Sent To Email On Demand	","Custom Report From 05/01/2019 05:30:30 AM To 08/06/2019 05:30:37 AM Speed Is Greater Then Equal To 0 Miles/h Sent On Juhi.yadav@vitspl.com	","Manish Bhardwaj	","08/06/2019 05:31:10 AM	",
"260	","MB02-Teltonika	","Speeding Report	","Search Report	","Custom Report From 05/01/2019 05:30:30 AM To 08/06/2019 05:30:37 AM Speed Is Greater Then Equal To 0 Miles/h	","Manish Bhardwaj	","08/06/2019 05:30:40 AM	",
"261	","MB02-Teltonika	","Trip Stop Detailed	","Export Report As PDF File	","Monthly Report From 07/07/2019 To 08/06/2019	","Manish Bhardwaj	","08/06/2019 05:30:10 AM	",
"262	","MB02-Teltonika	","Trip Stop Detailed	","Export Report As HTML File	","Monthly Report From 07/07/2019 To 08/06/2019	","Manish Bhardwaj	","08/06/2019 05:29:36 AM	",
"263	","MB02-Teltonika	","Trip Stop Detailed	","Export Report As CSV File	","Monthly Report From 07/07/2019 To 08/06/2019	","Manish Bhardwaj	","08/06/2019 05:29:27 AM	",
"264	","MB02-Teltonika	","Trip Stop Detailed	","Export Report As PDF File	","Monthly Report From 07/07/2019 To 08/06/2019	","Manish Bhardwaj	","08/06/2019 05:28:58 AM	",
"265	","MB02-Teltonika	","Trip Stop Detailed	","Search Report	","Monthly Report From 07/07/2019 To 08/06/2019	","Manish Bhardwaj	","08/06/2019 05:28:51 AM	",
"266	","MB02-Teltonika	","Speeding Report	","Export Report As PDF File	","Monthly Report From 07/07/2019 05:26:15 AM To 08/06/2019 05:26:15 AM Speed Is Equal To 0 Miles/h	","Manish Bhardwaj	","08/06/2019 05:26:38 AM	",
"267	","MB02-Teltonika	","Speeding Report	","Search Report	","Monthly Report From 07/07/2019 05:26:15 AM To 08/06/2019 05:26:15 AM Speed Is Equal To 0 Miles/h	","Manish Bhardwaj	","08/06/2019 05:26:16 AM	",
"268	","MB02-Teltonika	","Speeding Report	","Export Report As PDF File	","Custom Report From 06/01/2019 04:41:41 AM To 08/06/2019 04:42:03 AM Speed Is Greater Then Equal To 0 Miles/h	","Manish Bhardwaj	","08/06/2019 05:25:04 AM	",
"269	","MB02-Teltonika	","Speeding Report	","Export Report As CSV File	","Custom Report From 06/01/2019 04:41:41 AM To 08/06/2019 04:42:03 AM Speed Is Greater Then Equal To 0 Miles/h	","Manish Bhardwaj	","08/06/2019 04:48:36 AM	",
"270	","MB02-Teltonika	","Speeding Report	","Export Report As PDF File	","Custom Report From 06/01/2019 04:41:41 AM To 08/06/2019 04:42:03 AM Speed Is Greater Then Equal To 0 Miles/h	","Manish Bhardwaj	","08/06/2019 04:48:10 AM	",
"271	","MB02-Teltonika	","Speeding Report	","Export Report As HTML File	","Custom Report From 06/01/2019 04:41:41 AM To 08/06/2019 04:42:03 AM Speed Is Greater Then Equal To 0 Miles/h	","Manish Bhardwaj	","08/06/2019 04:47:55 AM	",
"272	","MB02-Teltonika	","Speeding Report	","Export Report As CSV File	","Custom Report From 06/01/2019 04:41:41 AM To 08/06/2019 04:42:03 AM Speed Is Greater Then Equal To 0 Miles/h	","Manish Bhardwaj	","08/06/2019 04:47:44 AM	",
"273	","MB02-Teltonika	","Speeding Report	","Export Report As PDF File	","Custom Report From 06/01/2019 04:41:41 AM To 08/06/2019 04:42:03 AM Speed Is Greater Then Equal To 0 Miles/h	","Manish Bhardwaj	","08/06/2019 04:47:11 AM	",
"274	","MB02-Teltonika	","Speeding Report	","Export Report As HTML File	","Custom Report From 06/01/2019 04:41:41 AM To 08/06/2019 04:42:03 AM Speed Is Greater Then Equal To 0 Miles/h	","Manish Bhardwaj	","08/06/2019 04:45:04 AM	",
"275	","MB02-Teltonika	","Speeding Report	","Export Report As CSV File	","Custom Report From 06/01/2019 04:41:41 AM To 08/06/2019 04:42:03 AM Speed Is Greater Then Equal To 0 Miles/h	","Manish Bhardwaj	","08/06/2019 04:44:45 AM	",
"276	","MB02-Teltonika	","Speeding Report	","Export Report As PDF File	","Custom Report From 06/01/2019 04:41:41 AM To 08/06/2019 04:42:03 AM Speed Is Greater Then Equal To 0 Miles/h	","Manish Bhardwaj	","08/06/2019 04:43:05 AM	",
"277	","MB02-Teltonika	","Speeding Report	","Search Report	","Custom Report From 06/01/2019 04:41:41 AM To 08/06/2019 04:42:03 AM Speed Is Greater Then Equal To 0 Miles/h	","Manish Bhardwaj	","08/06/2019 04:42:08 AM	",
"278	","MB02-Teltonika	","Speeding Report	","Export Report As PDF File	","Custom Report From 06/01/2019 06:39:54 AM To 08/05/2019 06:40:01 AM Speed Is Equal To 60 Miles/h	","Manish Bhardwaj	","08/05/2019 06:40:12 AM	",
"279	","MB02-Teltonika	","Speeding Report	","Search Report	","Custom Report From 06/01/2019 06:39:54 AM To 08/05/2019 06:40:01 AM Speed Is Equal To 60 Miles/h	","Manish Bhardwaj	","08/05/2019 06:40:02 AM	",
"280	","MB02-Teltonika	","Speeding Report	","Export Report As PDF File	","Custom Report From 06/01/2019 06:22:07 AM To 08/05/2019 06:22:12 AM Speed Is Greater Then 30 Miles/h	","Manish Bhardwaj	","08/05/2019 06:23:04 AM	",
"281	","MB02-Teltonika	","Speeding Report	","Search Report	","Custom Report From 06/01/2019 06:22:07 AM To 08/05/2019 06:22:12 AM Speed Is Greater Then 30 Miles/h	","Manish Bhardwaj	","08/05/2019 06:22:13 AM	",
"282	","MB02-Teltonika	","Speeding Report	","Report Sent To Email On Demand	","Custom Report From 06/01/2019 06:13:35 AM To 08/05/2019 06:13:41 AM Speed Is Greater Then 60 Miles/h Sent On Rbharaniya@vitspl.com	","Manish Bhardwaj	","08/05/2019 06:19:39 AM	",
"283	","MB02-Teltonika	","Speeding Report	","Export Report As CSV File	","Custom Report From 06/01/2019 06:13:35 AM To 08/05/2019 06:13:41 AM Speed Is Greater Then 60 Miles/h	","Manish Bhardwaj	","08/05/2019 06:19:02 AM	",
"284	","MB02-Teltonika	","Speeding Report	","Export Report As PDF File	","Custom Report From 06/01/2019 06:13:35 AM To 08/05/2019 06:13:41 AM Speed Is Greater Then 60 Miles/h	","Manish Bhardwaj	","08/05/2019 06:18:24 AM	",
"285	","MB02-Teltonika	","Speeding Report	","Report Sent To Email On Demand	","Custom Report From 06/01/2019 06:13:35 AM To 08/05/2019 06:13:41 AM Speed Is Greater Then 60 Miles/h Sent On Rbharaniya@vitspl.com	","Manish Bhardwaj	","08/05/2019 06:14:11 AM	",
"286	","MB02-Teltonika	","Speeding Report	","Search Report	","Custom Report From 06/01/2019 06:13:35 AM To 08/05/2019 06:13:41 AM Speed Is Greater Then 60 Miles/h	","Manish Bhardwaj	","08/05/2019 06:13:43 AM	",
"287	","MB02-Teltonika	","Speeding Report	","Search Report	","Monthly Report From 06/24/2019 10:02:17 AM To 07/24/2019 10:02:17 AM Speed Is Greater Then Equal To 0 Miles/h	","Manish Bhardwaj	","07/24/2019 10:13:27 AM	",
"288	","MB02-Teltonika	","Speeding Report	","Export Report As CSV File	","Monthly Report From 06/24/2019 10:02:17 AM To 07/24/2019 10:02:17 AM Speed Is Greater Then Equal To 0 Miles/h	","Manish Bhardwaj	","07/24/2019 10:13:14 AM	",
"289	","MB02-Teltonika	","Speeding Report	","Export Report As PDF File	","Monthly Report From 06/24/2019 10:02:17 AM To 07/24/2019 10:02:17 AM Speed Is Greater Then Equal To 0 Miles/h	","Manish Bhardwaj	","07/24/2019 10:08:40 AM	",
"290	","MB02-Teltonika	","Speeding Report	","Search Report	","Monthly Report From 06/24/2019 10:02:17 AM To 07/24/2019 10:02:17 AM Speed Is Greater Then Equal To 0 Miles/h	","Manish Bhardwaj	","07/24/2019 10:02:05 AM	",
"291	","MB02-Teltonika	","Speeding Report	","Search Report	","Weekly Report From 07/05/2019 04:25:52 AM To 07/12/2019 04:25:52 AM Speed Is Equal To 60 Miles/h	","Manish Bhardwaj	","07/12/2019 04:25:23 AM	",
"292	","MB02-Teltonika	","Speeding Report	","Search Report	","Weekly Report From 07/04/2019 11:27:34 AM To 07/11/2019 11:27:34 AM Speed Is Greater Then 30 Miles/h	","Manish Bhardwaj	","07/11/2019 11:27:03 AM	",
"293	","MB02-Teltonika	","Speeding Report	","Search Report	","Daily Report From 07/10/2019 11:26:45 AM To 07/11/2019 11:26:45 AM Speed Is Greater Then 30 Miles/h	","Manish Bhardwaj	","07/11/2019 11:26:13 AM	",
"294	","MB02-Teltonika	","Speeding Report	","Search Report	","Monthly Report From 06-11-2019 To 07-11-2019 Speed Is Equal To 60 Miles/h	","Manish Bhardwaj	","07/11/2019 11:24:45 AM	",
"295	","MB02-Teltonika	","Events Report	","Search Report	","	","Manish Bhardwaj	","07/06/2019 11:12:39 AM	",
"296	","MB02-Teltonika	","Events Report	","Search Report	","	","Manish Bhardwaj	","07/06/2019 10:35:05 AM	",
"297	","MB02-Teltonika	","Events Report	","Search Report	","	","Manish Bhardwaj	","07/06/2019 10:34:54 AM	",
"298	","MB02-Teltonika	","Events Report	","Search Report	","	","Manish Bhardwaj	","07/06/2019 10:34:05 AM	",
"299	","MB02-Teltonika	","Speeding Report	","Search Report	","	","Manish Bhardwaj	","07/06/2019 10:08:21 AM	",
"300	","MB02-Teltonika	","Trip Stop Detailed	","Search Report	","	","Manish Bhardwaj	","07/06/2019 10:07:57 AM	",
"301	","MB02-Teltonika	","Speeding Report	","Search Report	","	","Manish Bhardwaj	","07/02/2019 10:28:00 AM	",
"302	","MB02-Teltonika	","Speeding Report	","Search Report	","	","Manish Bhardwaj	","07/02/2019 10:27:00 AM	",
"303	","MB02-Teltonika	","Speeding Report	","Search Report	","	","Manish Bhardwaj	","07/02/2019 10:26:53 AM	",
"304	","MB02-Teltonika	","Speeding Report	","Search Report	","	","Manish Bhardwaj	","07/02/2019 10:25:06 AM	",
"305	","MB02-Teltonika	","Speeding Report	","Search Report	","	","Manish Bhardwaj	","07/02/2019 10:15:38 AM	",
"306	","MB02-Teltonika	","Events Report	","Search Report	","	","Manish Bhardwaj	","07/02/2019 05:51:18 AM	",
"307	","MB02-Teltonika	","Events Report	","Search Report	","	","Manish Bhardwaj	","07/02/2019 05:51:16 AM	",
"308	","MB02-Teltonika	","Events Report	","Search Report	","	","Manish Bhardwaj	","07/02/2019 05:51:06 AM	",
"309	","MB02-Teltonika	","Speeding Report	","Search Report	","	","Manish Bhardwaj	","07/02/2019 05:48:15 AM	",
"310	","MB02-Teltonika	","Trip Stop Detailed	","Export Report As Pdf File	","	","Manish Bhardwaj	","07/02/2019 05:47:37 AM	",
"311	","MB02-Teltonika	","Trip Stop Detailed	","Export Report As Html File	","	","Manish Bhardwaj	","07/02/2019 05:47:25 AM	",
"312	","MB02-Teltonika	","Trip Stop Detailed	","Search Report	","	","Manish Bhardwaj	","07/02/2019 05:47:21 AM	",
"313	","MB02-Teltonika	","Speeding Report	","Search Report	","	","Manish Bhardwaj	","06/18/2019 07:01:25 AM	",
"314	","MB02-Teltonika	","Speeding Report	","Search Report	","	","Manish Bhardwaj	","06/18/2019 06:54:52 AM	",
"315	","MB02-Teltonika	","Speeding Report	","Search Report	","	","Manish Bhardwaj	","06/14/2019 05:45:06 AM	",
